set,bowl_x,bowl_y,box_x,box_y,plate_x,plate_y,transport_mm,bowl_box_gap_mm
1,0.637,0.328,0.644,0.45,0.701,0.061,274,122
2,0.62,0.264,0.551,0.391,0.767,0.086,230,145
3,0.601,0.293,0.573,0.426,0.763,0.152,215,136
4,0.63,0.253,0.624,0.372,0.709,0.067,203,118
5,0.632,0.296,0.556,0.401,0.748,0.089,236,130
6,0.647,0.293,0.597,0.405,0.736,0.079,232,122
7,0.599,0.31,0.633,0.428,0.721,0.078,262,122
8,0.587,0.243,0.558,0.388,0.743,0.088,220,147
9,0.578,0.245,0.596,0.377,0.753,0.104,224,134
10,0.665,0.283,0.766,0.389,0.767,0.07,236,146
11,0.612,0.307,0.694,0.412,0.712,0.106,224,133
12,0.618,0.328,0.678,0.433,0.727,0.118,236,122
13,0.67,0.272,0.744,0.383,0.743,0.072,213,134
14,0.576,0.25,0.571,0.383,0.731,0.113,207,133
15,0.668,0.32,0.593,0.443,0.764,0.129,214,144
16,0.593,0.271,0.666,0.393,0.755,0.088,245,142
17,0.601,0.289,0.587,0.429,0.709,0.061,253,141
18,0.62,0.319,0.586,0.444,0.736,0.111,238,130
19,0.597,0.275,0.591,0.418,0.749,0.105,228,143
20,0.618,0.285,0.607,0.403,0.764,0.08,252,119
21,0.578,0.265,0.581,0.405,0.701,0.093,211,139
22,0.644,0.322,0.605,0.439,0.768,0.109,247,123
23,0.603,0.297,0.576,0.437,0.715,0.07,253,142
24,0.586,0.258,0.596,0.377,0.744,0.112,215,119
25,0.613,0.242,0.587,0.355,0.72,0.073,200,116
26,0.657,0.318,0.611,0.45,0.729,0.121,210,140
27,0.598,0.305,0.62,0.446,0.759,0.094,265,142
28,0.615,0.288,0.606,0.436,0.764,0.137,212,148
29,0.602,0.288,0.575,0.396,0.715,0.087,230,111
30,0.653,0.303,0.7,0.443,0.752,0.069,254,148
