set,verdict,stage,failure,grip_width_mm,slide_mm,grasp_x,grasp_y,grasp_z,place_x,place_y,place_z,steps,sec
1,s,S9,none,3.9,1.7,0.610,0.162,0.064,0.769,0.019,0.099,64,
2,s,S9,none,5.6,3.1,0.617,0.171,0.050,0.714,0.096,0.088,64,
3,s,S9,none,5.3,3.3,0.593,0.195,0.051,0.700,0.097,0.134,64,
4,s,S9,none,5.6,3.2,0.599,0.153,0.050,0.733,0.043,0.081,64,
5,s,S9,none,4.9,2.5,0.600,0.168,0.054,0.709,0.052,0.117,32,
6,f,S3,empty,0.0,,0.606,0.152,0.050,,,,32,
7,s,S9,none,5.5,3.1,0.571,0.171,0.050,0.736,0.049,0.079,64,
8,f,S7,slip,3.3,3.3,0.628,0.173,0.050,0.636,0.155,0.089,32,
9,s,S9,none,5.5,3.2,0.595,0.168,0.050,0.728,0.046,0.071,64,
10,f,S7,slip,11.0,9.2,0.651,0.163,0.050,0.742,0.044,0.103,64,
11,f,S7,slip,4.6,4.6,0.605,0.171,0.056,0.609,-0.001,0.216,32,
12,f,S7,slip,5.6,5.6,0.576,0.188,0.050,0.665,0.017,0.202,32,
13,f,S3,empty,0.0,,0.640,0.203,0.051,,,,32,
14,s,S9,none,4.6,2.4,0.604,0.138,0.054,0.739,0.029,0.090,64,
15,f,S7,slip,5.6,5.6,0.612,0.210,0.050,0.666,0.014,0.216,32,
16,f,S7,slip,4.2,4.2,0.589,0.165,0.060,0.682,0.045,0.171,64,
17,s,S9,none,5.4,3.0,0.599,0.176,0.050,0.735,0.032,0.102,64,
18,f,S3,empty,0.0,,0.613,0.171,0.051,,,,32,
19,f,S3,empty,0.0,,0.594,0.168,0.050,,,,64,
20,f,S3,empty,0.0,,0.624,0.204,0.050,,,,64,
21,s,S9,none,4.4,2.2,0.606,0.136,0.056,0.739,0.030,0.100,64,
22,s,S9,none,5.1,2.7,0.640,0.182,0.053,0.747,0.014,0.111,32,
23,s,S9,none,5.6,3.2,0.632,0.204,0.050,0.730,0.033,0.106,64,
24,f,S7,slip,3.8,3.8,0.611,0.141,0.067,0.632,0.024,0.194,32,
25,f,S7,slip,3.7,3.7,0.602,0.150,0.071,0.610,0.056,0.184,32,
26,f,S3,empty,0.0,,0.615,0.186,0.055,,,,32,
27,f,S3,empty,0.0,,0.589,0.163,0.052,,,,32,
28,f,S8,no_release,5.5,3.1,0.602,0.175,0.050,,,,96,
29,f,S7,slip,4.7,4.7,0.602,0.166,0.055,0.688,0.046,0.158,64,
30,s,S9,none,5.2,2.7,0.642,0.188,0.052,0.741,0.033,0.114,64,
